{
  "mean": 9.842363986968994,
  "std": 0.5217027395096933,
  "threshold": 11.407472205498074,
  "n_images": 100
}