{
  "mean": 12.923106880187989,
  "std": 0.532355835615265,
  "threshold": 14.520174387033784,
  "n_images": 100
}