{
  "mean": 10.182182493209838,
  "std": 0.4133707483939328,
  "threshold": 11.422294738391637,
  "n_images": 100
}