{
  "mean": 10.954795150756835,
  "std": 0.5312891046018764,
  "threshold": 12.548662464562465,
  "n_images": 100
}