{
  "mean": 8.446204862594605,
  "std": 0.35669397817235815,
  "threshold": 9.516286797111679,
  "n_images": 100
}