{
  "mean": 11.880575017929077,
  "std": 0.4960201333176373,
  "threshold": 13.36863541788199,
  "n_images": 100
}