{
  "mean": 12.283826398849488,
  "std": 0.4272651725262463,
  "threshold": 13.565621916428228,
  "n_images": 100
}