{
  "mean": 8.536553177833557,
  "std": 0.31508650838056346,
  "threshold": 9.481812702975247,
  "n_images": 100
}