{
  "mean": 9.09698519706726,
  "std": 0.4654876156918037,
  "threshold": 10.49344804414267,
  "n_images": 100
}