{
  "mean": 7.41852502822876,
  "std": 0.30494533893946557,
  "threshold": 8.333361045047155,
  "n_images": 100
}